﻿{
  "AnalyzerSettings": {
    "MarketAnalyzer": {
      "StoreDataMaxHours": 24,
      "IntervalMinutes": 1,
      "ExcludeMainCurrency": true,
      "MarketTrends": [
        {
          "Name": "Exchange5m",
          "Platform": "Exchange",
          "MaxMarkets": 0,
          "TrendMinutes": 5,
          "TrendCurrency": "Market"
        },
        {
          "Name": "Exchange15m",
          "Platform": "Exchange",
          "MaxMarkets": 0,
          "TrendMinutes": 15,
          "TrendCurrency": "Market"
        },
        {
          "Name": "Exchange1h",
          "Platform": "Exchange",
          "MaxMarkets": 0,
          "TrendMinutes": 60,
          "TrendCurrency": "Market"
        },
        {
          "Name": "Exchange12h",
          "Platform": "Exchange",
          "MaxMarkets": 0,
          "TrendMinutes": 720,
          "TrendCurrency": "Market"
        },
        {
          "Name": "Exchange24h",
          "Platform": "Exchange",
          "MaxMarkets": 0,
          "TrendMinutes": 1440,
          "TrendCurrency": "Market"
        }
      ]
    },
    "GlobalSettings": [
      {
        "SettingName": "01 EndOfTheWorld",
        "TriggerConnection": "AND",
        "Triggers": [
          {
            "MarketTrendName": "Exchange1h",
            "MaxChange": 0
          },
          {
            "MarketTrendName": "Exchange12h",
            "MaxChange": -1
          },
          {
            "MarketTrendName": "Exchange24h",
            "MaxChange": -5
          }
        ],
        "PairsProperties": {
          "File": "PAIRS.PROPERTIES"
        },
        "DCAProperties": {
          "File": "DCA.PROPERTIES"
        },
        "IndicatorsProperties": {
          "File": "INDICATORS.PROPERTIES"
        }
      },
      {
        "SettingName": "02 TankingDown",
        "TriggerConnection": "AND",
        "Triggers": [
          {
            "MarketTrendName": "Exchange1h",
            "MaxChange": 0
          },
          {
            "MarketTrendName": "Exchange12h",
            "MaxChange": 0
          },
          {
            "MarketTrendName": "Exchange24h",
            "MaxChange": -3,
            "MinChange": -5
          }
        ],
        "PairsProperties": {
          "File": "PAIRS.PROPERTIES"
        },
        "DCAProperties": {
          "File": "DCA.PROPERTIES"
        },
        "IndicatorsProperties": {
          "File": "INDICATORS.PROPERTIES"
        }
      },
      {
        "SettingName": "03 BearSighted",
        "TriggerConnection": "AND",
        "Triggers": [
          {
            "MarketTrendName": "Exchange1h",
            "MaxChange": 1
          },
          {
            "MarketTrendName": "Exchange12h",
            "MaxChange": 0
          },
          {
            "MarketTrendName": "Exchange24h",
            "MaxChange": -1,
            "MinChange": -3
          }
        ],
        "PairsProperties": {
          "File": "PAIRS.PROPERTIES"
        },
        "DCAProperties": {
          "File": "DCA.PROPERTIES"
        },
        "IndicatorsProperties": {
          "File": "INDICATORS.PROPERTIES"
        }
      },
      {
        "SettingName": "04 ReadyForLiftOff",
        "TriggerConnection": "AND",
        "Triggers": [
          {
            "MarketTrendName": "Exchange1h",
            "MinChange": -1
          },
          {
            "MarketTrendName": "Exchange12h",
            "MinChange": 0
          },
          {
            "MarketTrendName": "Exchange24h",
            "MinChange": 1,
            "MaxChange": 3
          }
        ],
        "PairsProperties": {
          "File": "PAIRS.PROPERTIES"
        },
        "DCAProperties": {
          "File": "DCA.PROPERTIES"
        },
        "IndicatorsProperties": {
          "File": "INDICATORS.PROPERTIES"
        }
      },
      {
        "SettingName": "05 ToTheMoon",
        "TriggerConnection": "AND",
        "Triggers": [
          {
            "MarketTrendName": "Exchange1h",
            "MinChange": 0
          },
          {
            "MarketTrendName": "Exchange12h",
            "MinChange": 1
          },
          {
            "MarketTrendName": "Exchange24h",
            "MinChange": 3
          }
        ],
        "PairsProperties": {
          "File": "PAIRS.PROPERTIES"
        },
        "DCAProperties": {
          "File": "DCA.PROPERTIES"
        },
        "IndicatorsProperties": {
          "File": "INDICATORS.PROPERTIES"
        }
      },
      {
        "SettingName": "Default",
        "PairsProperties": {
          "File": "PAIRS.PROPERTIES"
        },
        "DCAProperties": {
          "File": "DCA.PROPERTIES"
        },
        "IndicatorsProperties": {
          "File": "INDICATORS.PROPERTIES"
        }
      }
    ],
    "SingleMarketSettings": [
      {
        "SettingName": "PumpNDumpProtection",
        "TriggerConnection": "OR",
        "Triggers": [
          {
            "MarketTrendName": "Exchange1h",
            "MarketTrendRelation": "Relative",
            "MinChange": 10
          },
          {
            "MarketTrendName": "Exchange12h",
            "MarketTrendRelation": "Relative",
            "MinChange": 10
          },
          {
            "MarketTrendName": "Exchange24h",
            "MarketTrendRelation": "Relative",
            "MinChange": 10
          }
        ],
        "PairsProperties": {
          "ALL_trailing_profit_OFFSETPERCENT": -10,
		  "ALL_min_profit_OFFSETPERCENT": -10,
          "ALL_sell_value_OFFSETPERCENT": -30,
          "ALL_sell_only_mode": true,
          "ALL_DCA_enabled": false
        }
      },
      {
        "SettingName": "FreefallBlock",
        "TriggerConnection": "OR",
        "Triggers": [
          {
            "MarketTrendName": "Exchange1h",
            "MarketTrendRelation": "Absolute",
            "MaxChange": -5
          }
        ],
        "PairsProperties": {
          "ALL_trailing_profit_OFFSETPERCENT": -10,
		  "ALL_min_profit_OFFSETPERCENT": -10,
          "ALL_sell_value_OFFSETPERCENT": -30,
          "ALL_sell_only_mode": true,
          "ALL_DCA_enabled": false
        }
      }
    ]
  }
}